model,ade_all,ade_slight,ade_straight,ade_turn,ade_uturn,fde_all,rot_deg,trans_frac
full,0.6567159377232992,0.6062029225866465,0.5443522510107252,0.8403243375817935,0.9118412000267473,1.1015189070616507,30.0,0.09
maponly,0.6675324015472003,0.6333409516233678,0.5577793621335339,0.84355649256345,0.8647215582226238,1.1161536237536402,30.0,0.09
obsonly,0.7127124212635466,0.6407122794768153,0.5375161398194042,0.9664777530955546,1.2626589442769143,1.2506358845692476,30.0,0.09
full,0.7708731757714526,0.7359335726219888,0.6810760953736974,0.9091427164457061,0.9972281735645582,1.3556535951522353,60.0,0.18
maponly,0.8061773239894077,0.7826468348284621,0.7222529670653643,0.9369164239999019,0.9665621058785752,1.4228167738728545,60.0,0.18
obsonly,0.7127124212635466,0.6407122794768153,0.5375161398194042,0.9664777530955546,1.2626589442769143,1.2506358845692476,60.0,0.18
full,0.8976637449839397,0.8826882617105661,0.8414770616713616,0.9724046241921006,1.073666282202283,1.6099461103541444,80.0,0.24
maponly,0.9262027969240394,0.9145645213223272,0.8603010906119548,1.026144252916177,1.0355770813990128,1.6678658111632776,80.0,0.24
obsonly,0.7127124212635466,0.6407122794768153,0.5375161398194042,0.9664777530955546,1.2626589442769143,1.2506358845692476,80.0,0.24
